{"Abbeville":[1.3798283,49.9286021,2.090784,50.3663367],"Agen":[0.3090099,44.0239821,0.9508631,44.3794672],"Aix-en-Provence":[4.9534171,43.3681732,5.8135205,43.7721131],"Ajaccio":[8.534717,41.6959492,9.252137,42.3822737],"Albertville":[6.2202017,45.2518535,7.1147114,45.9094619],"Albi":[1.5352966,43.7454569,2.5802312,44.2014795],"Alençon":[-0.8605523,48.3752097,0.4527651,48.719588],"Alès":[3.8204483,43.9640754,4.4073045,44.4596601],"Altkirch":[7.004869,47.4203421,7.4563398,47.7237291],"Ambert":[3.425143,45.337709,3.985634,45.7471767],"Amiens":[1.6355161,49.683118,2.6799559,50.2390386],"Angers":[-0.9613135,47.1974095,-0.1734428,47.7809118],"Angoulême":[-0.0658064,45.1925466,0.6054367,45.834809],"Annecy":[5.8624243,45.6817078,6.5559605,46.0702526],"Antony":[2.2235812,48.7293024,2.3323719,48.8251252],"Apt":[4.9735978,43.6586727,5.7583526,44.0232816],"Arcachon":[-1.2613787,44.418393,-0.6014992,44.8498053],"Argentan":[-0.8522734,48.5138118,0.2567344,48.9192275],"Argenteuil":[2.1160474,48.9086734,2.2928131,49.0610525],"Arles":[4.2301364,43.3277563,5.0907728,43.9245884],"Arras":[1.9928837,50.0198533,3.1881326,50.5496621],"Arrondissement de L'Haÿ-les-Roses":[2.308657,48.7144154,2.4846468,48.8257262],"Arrondissement de Valenciennes":[3.2272651,50.2247999,3.6773521,50.5336789],"Arrondissement d'Évry":[2.3020079,48.3083369,2.5853029,48.7358561],"Arrondissement of Nanterre":[2.1457072,48.8213777,2.3369636,48.9510806],"Aubusson":[1.8733621,45.6633662,2.6114965,46.4283557],"Auch":[0.1378404,43.3627397,1.2032681,43.858539],"Aurillac":[2.0629028,44.615934,2.7660321,45.114964],"Autun":[3.9936854,46.5446157,4.6314868,47.1554027],"Auxerre":[2.8484902,47.4693473,3.9379968,48.1414767],"Avallon":[3.5752219,47.3103627,4.3400736,48.0015257],"Avesnes-sur-Helpe":[3.5332822,49.9689246,4.2311934,50.3591718],"Avignon":[4.7396309,43.8504637,5.1599743,44.1181952],"Avranches":[-1.8682154,48.455801,-0.7348362,48.9556535],"Barcelonnette":[6.232455,44.2508214,6.9689308,44.6599148],"Bar-le-Duc":[4.888456,48.4712108,5.4313541,49.0735704],"Bar-sur-Aube":[4.3561848,48.0860767,4.8651292,48.5549193],"Bastia":[9.3095155,42.5137117,9.5346805,43.0277079],"Bayeux":[-1.1412392,49.0931773,-0.4113237,49.3978952],"Bayonne":[-1.7891532,43.0076101,-0.897372,43.5474276],"Beaune":[4.1068786,46.8998587,5.4010083,47.3220788],"Beauvais":[1.6888668,49.1625562,2.2811205,49.7637445],"Belfort":[6.75646,47.4333274,7.1432754,47.8251161],"Bellac":[0.7932434,45.9493452,1.5075839,46.4014538],"Belley":[5.0399042,45.6107563,5.8350396,46.1288761],"Bergerac":[-0.0348178,44.597345,0.9936524,45.0026765],"Bernay":[0.2961628,48.6664173,1.1953257,49.4848243],"Besançon":[5.6987633,46.9342078,6.5005111,47.5224481],"Béthune":[2.2982606,50.3832679,2.8905085,50.6690016],"Blaye":[-0.7171226,44.9537477,-0.294405,45.3445683],"Blois":[0.9839861,47.409527,1.746339,48.011949],"Bobigny":[2.3893896,48.8487433,2.5001206,48.9202457],"Bonneville":[6.2179214,45.7228987,7.0443824,46.236958],"Bordeaux":[-0.9049215,44.5463125,-0.2415648,45.0413552],"Boulogne-Billancourt":[2.1506369,48.7815769,2.3013179,48.853442],"Boulogne-sur-Mer":[1.5607754,50.580394,1.9846597,50.9156981],"Bourg-en-Bresse":[4.7281684,45.7979133,5.5128052,46.5199006],"Bourges":[2.0528372,46.8381103,3.0322334,47.5381896],"Bressuire":[-0.9034758,46.6171023,0.0340888,47.1083966],"Brest":[-5.1412766,48.2959567,-4.0457299,48.6820111],"Briançon":[6.2007941,44.5370023,7.0771437,45.1266002],"Briey":[5.4260673,48.974326,6.0330297,49.5633407],"Brignoles":[5.6560278,43.2306161,6.4373386,43.8026206],"Brioude":[3.0820605,44.8062201,3.7839182,45.4276272],"Brive-la-Gaillarde":[1.2269602,44.9204855,1.9075583,45.566058],"Caen":[-0.5866018,48.8157896,0.0577892,49.3380048],"Cahors":[0.9812326,44.2033516,1.9117888,44.6070855],"Calais":[1.6926876,50.7371016,2.2038106,51.008819],"Calvi":[8.5742661,42.3161329,9.421513,42.751385],"Cambrai":[2.9935502,50.0113079,3.7102463,50.2802289],"Carcassonne":[1.6887151,43.0311477,2.7118623,43.4600382],"Carpentras":[4.648568,43.9494376,5.5454898,44.4315502],"Castellane":[6.2451622,43.7346359,6.9438797,44.3231413],"Castelsarrasin":[0.7378111,43.7831363,1.3044982,44.3938917],"Castres":[1.6501905,43.382824,2.9372628,43.847189],"Céret":[2.3187875,42.3327551,3.1778737,42.6691589],"Châlons-en-Champagne":[4.0732173,48.6863023,5.0401048,49.2966857],"Chalon-sur-Saône":[4.4920021,46.516754,5.2337728,46.9854425],"Chambéry":[5.6218274,45.3524661,6.2982641,45.9385182],"Charleville-Mézières":[4.2058851,49.5468377,4.8971111,50.1693225],"Charolles":[3.6222937,46.1560119,4.5152948,46.787769],"Chartres":[1.068887,48.1274903,1.9945387,48.6342313],"Châteaubriant-Ancenis":[-2.1056218,47.2726929,-0.9467289,47.8359417],"Château-Chinon (Ville)":[3.5341968,46.7014172,4.2317941,47.4355511],"Châteaudun":[0.9643683,47.954017,1.899619,48.296238],"Château-Gontier":[-1.23885,47.7338222,-0.2766111,48.0575206],"Châteaulin":[-4.6438708,48.0367943,-3.5180359,48.4749245],"Châteauroux":[1.0452714,46.393145,1.933019,47.2615976],"Château-Thierry":[3.0719951,48.8372137,3.7525367,49.2667414],"Châtellerault":[-0.1049763,46.6183388,0.9280506,47.1759223],"Chaumont":[4.6576808,47.8662252,5.7308936,48.3917667],"Cherbourg":[-1.9546172,49.2974205,-1.1444908,49.728011],"Chinon":[0.0527585,46.9293976,0.7418928,47.7097889],"Cholet":[-1.3542238,46.9689063,-0.3105789,47.4057947],"Clamecy":[3.2000775,47.127804,3.9282719,47.5605154],"Clermont":[2.1468754,49.2808863,2.6631533,49.7030533],"Clermont-Ferrand":[2.8212799,45.579653,3.5153963,45.8674686],"Cognac":[-0.4631402,45.2456489,0.1294253,45.9001787],"Colmar-Ribeauvillé":[6.9799268,47.8244637,7.6220057,48.3113427],"Commercy":[5.267813,48.4091029,5.8542187,49.0839158],"Compiègne":[2.5992734,49.3077258,3.16583,49.7141891],"Condom":[-0.2402668,43.6472257,1.0750871,44.0800102],"Confolens":[-0.1512727,45.6916803,0.947036,46.1408959],"Corte":[8.8564248,41.8321922,9.560053,42.5672923],"Cosne-Cours-sur-Loire":[2.8444817,47.0892379,3.4822937,47.5883394],"Coutances":[-1.6931966,48.8361465,-1.2112644,49.3682537],"Créteil":[2.4088144,48.6876381,2.6157683,48.8227769],"Dax":[-1.5333763,43.4874507,-0.5895227,44.129032],"Die":[4.7590145,44.458112,5.8303491,45.0886399],"Dieppe":[0.5245963,49.3951153,1.7907711,50.0758064],"Digne-les-Bains":[5.8643449,43.7361641,6.547072,44.4271212],"Dijon":[4.568715,47.1075054,5.5188651,47.7099499],"Dinan":[-2.417412,48.2052685,-1.9091373,48.6883599],"Dole":[5.2520162,46.7389176,6.0325496,47.3057621],"Douai":[2.9805178,50.2570027,3.3620458,50.5242908],"Draguignan":[6.115628,43.1504388,6.9332412,43.8087377],"Dreux":[0.8094456,48.5016515,1.6511872,48.9410263],"Dunkirk":[2.0790992,50.6047629,2.86979,51.0889911],"Épernay":[3.3958932,48.5152693,4.2350335,49.1698948],"Épinal":[6.1015161,47.8136866,7.0162127,48.4730523],"Étampes":[1.9144582,48.2845851,2.4494006,48.5941084],"Évreux":[0.753346,48.7459563,1.4717041,49.1269719],"Figeac":[1.6835403,44.3884792,2.2112892,44.9836891],"Florac":[3.1201936,44.1093448,3.9769884,44.4418943],"Foix":[1.3509693,42.5732416,2.1758135,43.1013513],"Fontainebleau":[2.3923285,48.1201456,2.9890779,48.5154738],"Fontenay-le-Comte":[-1.3780662,46.2665368,-0.5381142,46.89579],"Forbach-Boulay-Moselle":[6.3678908,48.9000867,7.0199196,49.3945598],"Forcalquier":[5.4964231,43.6682255,6.277055,44.4779046],"Fougères-Vitré":[-1.6559221,47.7767325,-1.01569,48.5437618],"Gap":[5.4183896,44.1863785,6.684397,44.8745992],"Gex":[5.8135802,46.0851308,6.1700273,46.4178068],"Gourdon":[1.0937076,44.5074467,1.8130933,45.0466382],"Grasse":[6.6333036,43.4800526,7.216074,43.9184233],"Grenoble":[5.1346493,44.6958924,6.3580834,45.4923349],"Guéret":[1.3725418,45.7669831,2.1197707,46.4553387],"Guingamp":[-3.6079108,48.1400592,-2.8555015,48.8276771],"Haguenau-Wissembourg":[7.4827298,48.6658607,8.2325219,49.0657512],"Issoire":[2.5072757,45.2870513,3.5212571,45.8135654],"Issoudun":[1.547996,46.727868,2.154788,47.277335],"Istres":[4.7339173,43.3244471,5.3107242,43.6427817],"Jonzac":[-0.7661082,45.0889798,0.0059949,45.68612],